﻿<?xml version="1.0" encoding="utf-8"?>
<dokument>
  <DocumentID>1113000</DocumentID>
  <ContentID>1437451</ContentID>
  <FileName>1113000_file.pdf</FileName>
  <Title>Poslovnik tutorskega sistema Fakultete za gradbeništvo</Title>
  <EnglishTitle></EnglishTitle>
  <Subtitle></Subtitle>
  <EnglishSubtitle></EnglishSubtitle>
  <Abstract></Abstract>
  <EnglishAbstract></EnglishAbstract>
  <Keywords>
    <keyword>Slovenija</keyword>
    <keyword>visokošolski študij</keyword>
    <keyword>tutorstvo</keyword>
    <keyword>tutorski sistem</keyword>
  </Keywords>
  <EnglishKeywords />
  <Publisher>Fakulteta za gradbeništvo</Publisher>
  <IssueYear>2003</IssueYear>
  <ISBN></ISBN>
  <ISSN></ISSN>
  <DOI></DOI>
  <EVSAbbreviation>UM FGPA</EVSAbbreviation>
  <EVSName>Fakulteta za gradbeništvo, prometno inženirstvo in arhitekturo</EVSName>
  <EVSEnglishName>Faculty of Civil Engineering, Transportation Engineering and Architecture</EVSEnglishName>
  <Pages>1 mapa (loč. pag.)</Pages>
  <Volume></Volume>
  <Issue></Issue>
  <Location>Maribor</Location>
  <Url>https://dk.um.si/IzpisGradiva.php?lang=slv&amp;id=27747</Url>
  <CobissID>8618262</CobissID>
  <Typology>Elaborat, predštudija, študija</Typology>
  <UDC>378.1(497.4)</UDC>
  <UDCTagsSlo>
    <tag>Visoko šolstvo. Univerzitetni študij. Akademski študij</tag>
  </UDCTagsSlo>
  <UDCTagsEng>
    <tag>Higher education. Universities. Academic study</tag>
  </UDCTagsEng>
  <Authors>
    <Author>
      <Name>Svitan</Name>
      <Surname>Gaborovič</Surname>
      <Role>Avtor</Role>
    </Author>
    <Author>
      <Name>Lucija</Name>
      <Surname>Hanžič</Surname>
      <Role>Avtor</Role>
    </Author>
    <Author>
      <Name>Milan</Name>
      <Surname>Kuhta</Surname>
      <Role>Avtor</Role>
    </Author>
    <Author>
      <Name>Marko</Name>
      <Surname>Soršak</Surname>
      <Role>Avtor</Role>
    </Author>
    <Author>
      <Name>Igor</Name>
      <Surname>Stajnko</Surname>
      <Role>Avtor</Role>
    </Author>
    <Author>
      <Name>Tea</Name>
      <Surname>Stefanović</Surname>
      <Role>Avtor</Role>
    </Author>
  </Authors>
  <PlainText>POSLOVNIK TUTORSKEGA SISTEMA FAKULTETE ZA GRADBENIŠTVO

I. SPLOŠNE DOLOČBE


1. člen

S tem poslovnikom se ureja organiziranje in delovanje tutorskega sistema na Fakulteti za
gradbeništvo Univerze v Mariboru (v nadaljevanju FG).


2. člen

Namen tutorskega sistema na FG je:


1. olajšati študentom vključevanje v univerzitetno okolje,
2. usmerjati študente skozi študij in jim svetovati pri reševanju splošnih problemov,

ki se pojavljajo v času študija;
3. graditi odnos med študenti in visokošolskimi učitelji ter institucijo kot celoto na

humanizmu, partnerstvu in skupnih prizadevanjih za doseganje s študijem
zastavljenih ciljev;

4. z navedenim izboljšati študijske rezultate, povečati prehodnost študentov in
dvigniti raven študija.


II. SUBJEKTI TUTORSKEGA SISTEMA


3. člen

Subjekti tutorskega sistema so:


1. tutorant (študent);
2. tutor;
3. tutor študent;
4. fakulteta, ki jo predstavlja njeno vodstvo.


II. / 1. Tutorant


4. člen

Tutorant, kot subjekt tutorskega sistema FG, je vsak redni dodiplomski študent FG, ki ima
določenega tutorja.

II. / 2. Tutor


5. člen

Tutorji so osebni svetovalci, ki študente usmerjajo skozi študij.


6. člen

Tutor je lahko vsak visokošolski učitelj ali naslednji izmed visokošolskih sodelavcev: asistent,
stažist asistent ali mladi raziskovalec.

Tutor mora biti redno zaposlen na FG, opravljati pedagoško delo, se prijaviti za tutorsko delo
pri prodekanu za izobraževalno dejavnost in izpolnjevati naslednje pogoje:


1. je človek širokih nazorov;
2. je sposoben sprejemati in upoštevati mnenja drugih ljudi;
3. je komunikativen, sproščen ter razumevajoč;
4. ima izoblikovan pozitiven odnos do tutorskega dela;



POSLOVNIK TUTORSKEGA SISTEMA FAKULTETE ZA GRADBENIŠTVO



5. dobro pozna delovanje fakultete, njene študijske programe, kakor tudi sistem
tutorstva;

6. je seznanjen z osnovami psihologije, komunikacijskih tehnik in pedagogike;
7. pozna širšo študentsko problematiko in razpolaga z za študenta pomembnimi

informacijami.

II. / 3. Tutor študent


7. člen

Tutor študent je lahko vsak redni študent FG najmanj tretjega letnika,  ki se prijavi za tutorsko
delo pri prodekanu za študentska vprašanja in izpolnjuje pogoje iz 1., 2., 3., 4.,  in 7. točke 6.
člena tega poslovnika.

II. / 4. Vodstvo fakultete


8. člen

Vodstvo fakultete predstavlja v tutorskem sistemu prodekan za izobraževalno dejavnost.

III. NALOGE SUBJEKTOV TUTORSKEGA SISTEMA

III. / 1. TUTORANT


9. člen

Naloge tutoranta so:


1. da razume vlogo tutorja in tutorja študenta kot svetovalca in ne kot pomočnika pri
študiju – tutor študentu svetuje, kako reševati probleme, le-te pa študent rešuje
samostojno;

2. da na tutorja in na tutorja študenta ne prelaga odgovornosti za svoje študijske
dosežke.


III. / 2. TUTOR


10. člen


Naloge tutorja so:


1. tutorantu svetuje pri problemih, ki so vezani na študij;
2. tutorantu svetuje pri iskanju literature;
3. tutoranta usmerja pri izbiri predmetov;
4. tutorantu svetuje pri odločitvah o strokovni praksi;
5. tutorantu svetuje pri odločitvah o študiju v tujini (Socrates/Erasmus izmenjave,

Neptune projekti ipd.);
6. spodbuja in pomaga tutorantu pri vsestranskem razvoju.


III. / 3. TUTOR ŠTUDENT


11. člen


Naloge tutorja študenta  so:


1. nudi pomoč tutorju pri njegovem delu v prvem letniku;
2. študentom posreduje študijske in obštudijske informacije.








POSLOVNIK TUTORSKEGA SISTEMA FAKULTETE ZA GRADBENIŠTVO


III. / 4. VODSTVO FAKULTETE


12. člen

Naloge vodstva so:


1. zagotovljanje polne podpore in omogočanje nemotenega delovanja tutorskega
sistema  v formalnem, materialnem in moralnem smislu;

2. upoštevanje izsledkov tutorjev pri sprejemanju odločitev v organih vodenja.


IV. IZVAJANJE NALOG TUTORSKEGA SISTEMA


13. člen


Vsakemu rednemu študentu se pri vpisu v prvi letnik določi tutor, ki ga nato spremlja skozi
celoten študij.


14. člen


Tutor opravlja naloge iz 10. člena na naslednji način:


1. izvaja tutorske ure po urniku;
2. izvaja redne in izredne skupinske sestanke;
3. izvaja individualne sestanke s tutoranti v času tutorskih ur;
4. izvaja telefonsko dežurstvo v času tutorskih ur;
5. komunicira s študenti preko elektronske pošte;
6. je moderator svojega tutorskega foruma na spletnih straneh FG;
7. je mentor tutorantove promocijske domače strani na spletnih straneh FG;
8. na zahtevo vodstva fakultete ali tutoranta sestavi v sodelovanju z referatom

poročilo o študijskem uspehu tutoranta;
9. organizira študijske krožke za dodatno pomoč tutorantom;

10. piše zaznamke, na podlagi katerih sestavi letno poročilo o svojem delu;
11. se izobražuje po programu za izobraževanje tutorjev.


15. člen


Tutorska ura je ura, v kateri tutor opravlja tutorsko delo in je na voljo tutorantom.
Tutorske ure se štejejo v delovno obvezo tutorja.
Tutorske ure so postavljene na urnik.


16. člen


Tutorstvo za skupino 30 študentov šteje za eno tutorsko uro tedensko skozi študijsko leto, to
je 30 tutorskih ur. Nepolna skupina se priznava za polno, če je v njej najmanj dve tretjini
študentov polne skupine (na primer 50 študentov se šteje za dve skupini). Tutorju, ki ima
manj kot 20 študentov se prizna 30 tutorskih ur.

Osnova za ugotavljanje števila tutorantov, ki pripadajo tutorju je seznam študentov, ki so bili
prvič vpisani v 1. letnik študijske smeri v letu, ko je tutor prevzel tutorstvo nad študenti prvega
letnika te, smeri zmanjšano za število študentov, ki so od tedaj izgubili status rednega
študenta.


17. člen


Tutor skliče letno tri redne skupinske sestanke in sicer:


1. uvodni sestanek: na prvi študijski dan za prve letnike oziroma prvi teden
študijskega leta za ostale letnike, na katerem študente
seznani z osnovnimi informacijami o študiju (npr.
v prvem letniku: urnik, oznake predavalnic, elektronska in



POSLOVNIK TUTORSKEGA SISTEMA FAKULTETE ZA GRADBENIŠTVO



navadna oglasna deska, domača stran fakultete na internetu,
režim opravljanja študijskih obveznosti itd.; v višjih letnikih:
informacije o izbirnih predmetih, izmenjavi študentov, študiju v
tujini, strokovni praksi, projektih Socrates / Erasmus, Neptune
itd.);

2. v vsakem semestru še en sestanek.


18. člen

Izredni skupinski sestanki se skličejo po potrebi na predlog tutorja ali tretjine tutorantov.


19. člen

Individualni sestanki se izvajajo na zahtevo študenta ali tutorja.


20. člen

Tutor študent opravlja naloge iz 11. člena na naslednji način:


1. sodeluje na skupinskih sestankih, ki jih skliče tutor;
2. izvaja tutorske ure po urniku;
3. pomaga pri moderiranju tutorskega foruma;
4. komunicira s študenti preko elektronske pošte.


V. IZOBRAŽEVANJE TUTORJEV


21. člen

Tutor se usposablja za svoje delo na seminarjih, ki se organizirajo v ta namen. Tutor se je
dolžan udeležiti večine organiziranih seminarjev letno.

Seminarji so:

1.  interni seminarji o organiziranosti in delovanju fakultete in o študijskih programih;
2.  pedagoško-andragoški seminarji;
3.  drugi za tutorsko delo koristni seminarji.

VI. ORGANIZIRANJE TUTORJEV


22. člen

Delo tutorja je prostovoljno.


23. člen

Tutorje imenuje prodekan za izobraževalno dejavnost na podlagi prijavljenih kandidatov.

Tutorje razrešuje prodekan za izobraževalno dejavnost na predlog kolegija tutorjev.


24. člen

Tutorje študente imenuje prodekan za izobraževalno dejavnost na podlagi prijavljenih
kandidatov.

Tutorje študente razrešuje prodekan za izobraževalno dejavnost na predlog kolegija tutorjev.


25. člen

Tutor praviloma opravi celotni tutorski ciklus za eno generacijo študentov (4 leta na UNI
programih oz. 3 leta na VS).



POSLOVNIK TUTORSKEGA SISTEMA FAKULTETE ZA GRADBENIŠTVO



Tutor je lahko razrešen predčasno, če:

1. ne opravlja svojega dela zadovoljivo;
2. preneha njegovo delovno razmerje;
3. se prezaposli na nepedagoško delovno mesto;
4. izrazi željo in navede utemeljen razlog, ki ga posreduje kolegiju tutorjev.


Status tutorja se lahko zamrzne za določen čas na zahtevo tutorja ob navedbi utemeljenega
razloga (npr. dopust za nego in varstvo otroka, študij ali specializacija v tujini ipd.) o katerem
presoja kolegij tutorjev.


26. člen

Mandat tutorja študenta traja eno leto.

VI. / a ZBOR TUTORJEV


27. člen

Vsi tutorji, tutorji študenti, trije predstavniki študentov in prodekan študent, (za vsak letnik po
en predstavnik) tvorijo zbor tutorjev.


28. člen

Zbor tutorjev je podrejen komisiji za študijske zadeve.


29. člen

Zbor tutorjev izmed tutorjev izvoli predsednika.

Mandat predsednika zbora tutojev traja štiri leta.


30. člen

Zbor tutorjev skliče predsednik zbora tutorjev vsaj enkrat letno, oziroma po potrebi ali na
zahtevo najmanj tretjine članov zbora tutorjev.


31. člen

Zbor tutorjev  na svojih sestankih razpravlja in sklepa o problematiki tutorskega dela.


32. člen

Zbor tutorjev na svojem rednem letnem sestanku sprejme letno poročilo o delu in ga preda
prodekanu za izobraževalno dejavnost.

Poročilo mora biti sestavljeno tako, da je iz njega razvidno, kako posamezni tutorji opravljajo
svoje delo.

VI. / b KOLEGIJ TUTORJEV


33. člen

Kolegij tutorjev je operativno telo tutorskega sistema


34. člen

Kolegij tutorjev šteje pet članov in ga sestavljajo:

1. predsednik zbora tutorjev, ki je hkrati tudi predsednik kolegija tutorjev;



POSLOVNIK TUTORSKEGA SISTEMA FAKULTETE ZA GRADBENIŠTVO



2. trije tutorji, ki jih izvoli zbor tutorjev, tako da so zastopani predstavniki vseh
letnikov;

3. predstavnik študentov, ki ga izvoli zbor tutorjev izmed študentov, ki so člani
zbora tutorjev (tutorjev študentov ali predstavnikov študentov v zboru tutorjev).


35. člen


Člani kolegija se volijo za obdobje štirih let.
Člani kolegija študenti se volijo za obdobje enega leta.

Če tutor, ki je član kolegija preneha s tutorskim delom pred potekom štiriletnega mandata, se
na nadomestnih volitvah izvoli nadomestnga člana kolegija za obdobje do poteka mandata
tutorja, katerega nadomešča.


36. člen

Kolegij tutorjev opravlja operativne zadeve kot so: organizacija izobraževanja tutorjev,
priprava vsebin za redne skupinske sestanke, priprava letnega poročila ipd.


37. člen

Predsednik kolegija tutorjev je po funkciji član komisije za študijske zadeve.

VII. PREHODNE IN KONČNE DOLOČBE


38. člen


Tutorsko delo in njegovo plačevanje preideta v redno pedagoško obveznost vzporedno s
spremembami financiranja študijskih programov.

Tutorsko delo se interpretira kot opravljanje pedagoške obveznosti v smislu Zakona o
visokem šolstvu tako, da se ena tutorska ura šteje za eno uro vaj in se tako tudi plača.

Tutor študent je upravičen do plačila honorarja za tutorske ure.

Tutorsko delo se opredeli v:

1. Aktu o določitvi neposredne pedagoške obveznosti in dodatne pedagoške
obveznosti visokošolskih sodelavcev;

2. Pravilniku o napredovanju na delovnem mestu Univerze v Mariboru;
3. Merilih za volitve v nazive visokošolskih učiteljev, znanstvenih delavcev in

visokošolskih sodelavcev.

Tutorske ure štejejo v  pedagoško obvezo tutorja.


39. člen

Poslovnik stopa v veljavo postopoma. Poslovnik prične veljati v celoti šele, ko:

1. so izpolnjeni pogoji za plačevanje tutorskega dela kot redne pedagoške
obveznosti v smislu 38. člena tega poslovnika;

2. je tutorsko delo kot del pedagoške obveznosti vključeno v pogoje za
napredovanje na delovnem mestu v smislu 2. alineje 38. člena tega pravilnika;

3. se prilagodijo  Merila za volitve v nazive visokošolskih učiteljev, znanstvenih
delavcev in visokošolskih sodelavcev tako, da se vanj vključi vrednotenje;
tutorskega dela za izvolitev v naziv v smislu 3. alineje 38. člena tega pravilnika,

4. se v komisijo za študijsko dejavnost vključi predstavnika tutorjev.


40. člen

Dokler  ne stopi v veljavo 1. alineja 39. člena tega poslovnika, se smiselno uporablja Zakon o
visokem šolstvu in Akt o določitvi neposredne pedagoške obveznosti in dodatne pedagoške



POSLOVNIK TUTORSKEGA SISTEMA FAKULTETE ZA GRADBENIŠTVO


obveznosti visokošolskih sodelavcev tako, da se tolmači tutorsko delo kot izvajanje vaj in se
tutorska ura plačuje kot ura vaj.

Dokler  ne stopi v veljavo  2. alineja 39. člena tega poslovnika, se smiselno uporabljajo Merila
za volitve v nazive visokošolskih učiteljev, znanstvenih delavcev in visokošolskih sodelavcev
tako, da se tolmači tutorsko delo kot mentorstvo pri študentskih raziskovalnih nalogah in sicer
tutorstvo za eno skupino tutorantov kot mentorstvo za eno študentsko raziskovalno nalogo.


41. člen

V prehodnem obdobju, dokler način financiranja pedagoškega dela ne omogoča vključitve
tutorskih ur v redno pedagoško obvezo, se poiščejo možnosti za financiranje tutorskega dela
v okviru FG.

V prehodnem obdobju je zaradi racionalne porabe sredstev možno odstopanje od normativa v
prvem odstavku 16. člena tega poslovnika.


42. člen

V prehodnem obdobju so tutorji delavci, ki trenutno opravljajo to delo.


43. člen

S pričetkom veljavnosti tega poslovnika se določi število tutorskih ur posameznega tutorja na
podlagi obstoječega seznama tutorantov, ki spadajo k temu tutorju.

Seznam iz prvega odstavka tega člena je začetni seznam tutorantov, s katerim se nato ravna
v smislu drugega odstavka 16. člena tega poslovnika.


44. člen

Poslovnik tutorskega sistema FG stopi v veljavo z dnem, ko ga potrdi senat FG.





















PRIPRAVILA   Delovna skupina za sestavo
Poslovnika tutorskega sistema:

- mag. Svitan Gaborovič udim., predsednik
- mag. Lucija Hanžič udig., članica
- Milan Kuhta udig., član
- študentka Tea Stefanovič, članica
- študent Marko Soršak, član
- prodekan študent Igor Stajnko, član


	POSLOVNIK TUTORSKEGA SISTEMA FAKULTETE ZA GRADBEN
	
	II. SUBJEKTI TUTORSKEGA SISTEMA
	II. / 1. Tutorant
	II. / 2. Tutor
	III. NALOGE SUBJEKTOV TUTORSKEGA SISTEMA
	III. / 1. TUTORANT
	III. / 2. TUTOR
	III. / 3. TUTOR ŠTUDENT
	III. / 4. VODSTVO FAKULTETE
	IV. IZVAJANJE NALOG TUTORSKEGA SISTEMA</PlainText>
  <XmlText>&lt;?xml version="1.0" encoding="UTF-8"?&gt;&lt;html xmlns="http://www.w3.org/1999/xhtml"&gt;
&lt;head&gt;
&lt;meta name="dcterms:modified" content="2010-07-08T07:37:13Z"/&gt;
&lt;meta name="meta:creation-date" content="2003-10-10T08:09:08Z"/&gt;
&lt;meta name="meta:save-date" content="2010-07-08T07:37:13Z"/&gt;
&lt;meta name="dc:creator" content="Igor Stajnko"/&gt;
&lt;meta name="Last-Modified" content="2010-07-08T07:37:13Z"/&gt;
&lt;meta name="Author" content="Igor Stajnko"/&gt;
&lt;meta name="dcterms:created" content="2003-10-10T08:09:08Z"/&gt;
&lt;meta name="date" content="2010-07-08T07:37:13Z"/&gt;
&lt;meta name="modified" content="2010-07-08T07:37:13Z"/&gt;
&lt;meta name="creator" content="Igor Stajnko"/&gt;
&lt;meta name="xmpTPg:NPages" content="7"/&gt;
&lt;meta name="Creation-Date" content="2003-10-10T08:09:08Z"/&gt;
&lt;meta name="meta:author" content="Igor Stajnko"/&gt;
&lt;meta name="created" content="Fri Oct 10 10:09:08 CEST 2003"/&gt;
&lt;meta name="producer" content="Acrobat Distiller 5.0.5 (Windows)"/&gt;
&lt;meta name="Content-Type" content="application/pdf"/&gt;
&lt;meta name="xmp:CreatorTool" content="Acrobat PDFMaker 5.0 for Word"/&gt;
&lt;meta name="Last-Save-Date" content="2010-07-08T07:37:13Z"/&gt;
&lt;meta name="dc:title" content="POSLOVNIK TUTORSKEGA SISTEMA FAKULTETE ZA GRADBENIŠTVO"/&gt;
&lt;title&gt;POSLOVNIK TUTORSKEGA SISTEMA FAKULTETE ZA GRADBENIŠTVO&lt;/title&gt;
&lt;/head&gt;
&lt;body&gt;&lt;div class="page"&gt;&lt;p/&gt;
&lt;p&gt; 
 
 
POSLOVNIK TUTORSKEGA SISTEMA FAKULTETE ZA GRADBENIŠTVO 
 
I. SPLOŠNE DOLOČBE 
 
&lt;/p&gt;
&lt;p&gt;1. člen 
 
S tem poslovnikom se ureja organiziranje in delovanje tutorskega sistema na Fakulteti za 
gradbeništvo Univerze v Mariboru (v nadaljevanju FG). 
 
&lt;/p&gt;
&lt;p&gt;2. člen 
 
Namen tutorskega sistema na FG je:  
&lt;/p&gt;
&lt;p&gt; 
1. olajšati študentom vključevanje v univerzitetno okolje, 
2. usmerjati študente skozi študij in jim svetovati pri reševanju splošnih problemov, 
&lt;/p&gt;
&lt;p&gt;ki se pojavljajo v času študija; 
3. graditi odnos med študenti in visokošolskimi učitelji ter institucijo kot celoto na 
&lt;/p&gt;
&lt;p&gt;humanizmu, partnerstvu in skupnih prizadevanjih za doseganje s študijem 
zastavljenih ciljev; 
&lt;/p&gt;
&lt;p&gt;4. z navedenim izboljšati študijske rezultate, povečati prehodnost študentov in 
dvigniti raven študija.  
&lt;/p&gt;
&lt;p&gt; 
II. SUBJEKTI TUTORSKEGA SISTEMA 
 
&lt;/p&gt;
&lt;p&gt;3. člen 
 
Subjekti tutorskega sistema so:  
 
&lt;/p&gt;
&lt;p&gt;1. tutorant (študent);  
2. tutor; 
3. tutor študent;  
4. fakulteta, ki jo predstavlja njeno vodstvo. 
&lt;/p&gt;
&lt;p&gt; 
II. / 1. Tutorant 
 
&lt;/p&gt;
&lt;p&gt;4. člen 
 
Tutorant, kot subjekt tutorskega sistema FG, je vsak redni dodiplomski študent FG, ki ima 
določenega tutorja. 
 
II. / 2. Tutor 
 
&lt;/p&gt;
&lt;p&gt;5. člen 
 
Tutorji so osebni svetovalci, ki študente usmerjajo skozi študij. 
 
&lt;/p&gt;
&lt;p&gt;6. člen 
 
Tutor je lahko vsak visokošolski učitelj ali naslednji izmed visokošolskih sodelavcev: asistent, 
stažist asistent ali mladi raziskovalec. 
  
Tutor mora biti redno zaposlen na FG, opravljati pedagoško delo, se prijaviti za tutorsko delo 
pri prodekanu za izobraževalno dejavnost in izpolnjevati naslednje pogoje: 
&lt;/p&gt;
&lt;p&gt; 
1. je človek širokih nazorov; 
2. je sposoben sprejemati in upoštevati mnenja drugih ljudi; 
3. je komunikativen, sproščen ter razumevajoč; 
4. ima izoblikovan pozitiven odnos do tutorskega dela; &lt;/p&gt;
&lt;p/&gt;
&lt;/div&gt;
&lt;div class="page"&gt;&lt;p/&gt;
&lt;p&gt;POSLOVNIK TUTORSKEGA SISTEMA FAKULTETE ZA GRADBENIŠTVO 
 
 
&lt;/p&gt;
&lt;p&gt;5. dobro pozna delovanje fakultete, njene študijske programe, kakor tudi sistem 
tutorstva; 
&lt;/p&gt;
&lt;p&gt;6. je seznanjen z osnovami psihologije, komunikacijskih tehnik in pedagogike; 
7. pozna širšo študentsko problematiko in razpolaga z za študenta pomembnimi 
&lt;/p&gt;
&lt;p&gt;informacijami. 
 
II. / 3. Tutor študent 
 
&lt;/p&gt;
&lt;p&gt;7. člen 
 
Tutor študent je lahko vsak redni študent FG najmanj tretjega letnika,  ki se prijavi za tutorsko 
delo pri prodekanu za študentska vprašanja in izpolnjuje pogoje iz 1., 2., 3., 4.,  in 7. točke 6. 
člena tega poslovnika.  
 
II. / 4. Vodstvo fakultete 
 
&lt;/p&gt;
&lt;p&gt;8. člen 
 
Vodstvo fakultete predstavlja v tutorskem sistemu prodekan za izobraževalno dejavnost. 
 
III. NALOGE SUBJEKTOV TUTORSKEGA SISTEMA 
 
III. / 1. TUTORANT 
 
&lt;/p&gt;
&lt;p&gt;9. člen 
 
Naloge tutoranta so: 
 
&lt;/p&gt;
&lt;p&gt;1. da razume vlogo tutorja in tutorja študenta kot svetovalca in ne kot pomočnika pri 
študiju – tutor študentu svetuje, kako reševati probleme, le-te pa študent rešuje 
samostojno; 
&lt;/p&gt;
&lt;p&gt;2. da na tutorja in na tutorja študenta ne prelaga odgovornosti za svoje študijske 
dosežke. 
&lt;/p&gt;
&lt;p&gt; 
III. / 2. TUTOR 
&lt;/p&gt;
&lt;p&gt; 
10. člen 
&lt;/p&gt;
&lt;p&gt; 
Naloge tutorja so: 
 
&lt;/p&gt;
&lt;p&gt;1. tutorantu svetuje pri problemih, ki so vezani na študij; 
2. tutorantu svetuje pri iskanju literature; 
3. tutoranta usmerja pri izbiri predmetov;  
4. tutorantu svetuje pri odločitvah o strokovni praksi; 
5. tutorantu svetuje pri odločitvah o študiju v tujini (Socrates/Erasmus izmenjave, 
&lt;/p&gt;
&lt;p&gt;Neptune projekti ipd.); 
6. spodbuja in pomaga tutorantu pri vsestranskem razvoju. 
&lt;/p&gt;
&lt;p&gt; 
III. / 3. TUTOR ŠTUDENT 
 
&lt;/p&gt;
&lt;p&gt;11. člen 
 
&lt;/p&gt;
&lt;p&gt;Naloge tutorja študenta  so: 
 
&lt;/p&gt;
&lt;p&gt;1. nudi pomoč tutorju pri njegovem delu v prvem letniku; 
2. študentom posreduje študijske in obštudijske informacije. 
&lt;/p&gt;
&lt;p&gt; 
 
&lt;/p&gt;
&lt;p&gt; &lt;/p&gt;
&lt;p/&gt;
&lt;/div&gt;
&lt;div class="page"&gt;&lt;p/&gt;
&lt;p&gt;POSLOVNIK TUTORSKEGA SISTEMA FAKULTETE ZA GRADBENIŠTVO 
 
 
III. / 4. VODSTVO FAKULTETE 
 
&lt;/p&gt;
&lt;p&gt;12. člen 
 
Naloge vodstva so: 
 
&lt;/p&gt;
&lt;p&gt;1. zagotovljanje polne podpore in omogočanje nemotenega delovanja tutorskega 
sistema  v formalnem, materialnem in moralnem smislu; 
&lt;/p&gt;
&lt;p&gt;2. upoštevanje izsledkov tutorjev pri sprejemanju odločitev v organih vodenja. 
 
&lt;/p&gt;
&lt;p&gt;IV. IZVAJANJE NALOG TUTORSKEGA SISTEMA 
 
&lt;/p&gt;
&lt;p&gt;13. člen 
 
&lt;/p&gt;
&lt;p&gt;Vsakemu rednemu študentu se pri vpisu v prvi letnik določi tutor, ki ga nato spremlja skozi 
celoten študij. 
&lt;/p&gt;
&lt;p&gt; 
14. člen 
&lt;/p&gt;
&lt;p&gt; 
Tutor opravlja naloge iz 10. člena na naslednji način: 
 
&lt;/p&gt;
&lt;p&gt;1. izvaja tutorske ure po urniku; 
2. izvaja redne in izredne skupinske sestanke; 
3. izvaja individualne sestanke s tutoranti v času tutorskih ur; 
4. izvaja telefonsko dežurstvo v času tutorskih ur; 
5. komunicira s študenti preko elektronske pošte; 
6. je moderator svojega tutorskega foruma na spletnih straneh FG; 
7. je mentor tutorantove promocijske domače strani na spletnih straneh FG; 
8. na zahtevo vodstva fakultete ali tutoranta sestavi v sodelovanju z referatom 
&lt;/p&gt;
&lt;p&gt;poročilo o študijskem uspehu tutoranta;  
9. organizira študijske krožke za dodatno pomoč tutorantom; 
&lt;/p&gt;
&lt;p&gt;10. piše zaznamke, na podlagi katerih sestavi letno poročilo o svojem delu; 
11. se izobražuje po programu za izobraževanje tutorjev. 
&lt;/p&gt;
&lt;p&gt; 
15. člen 
&lt;/p&gt;
&lt;p&gt; 
Tutorska ura je ura, v kateri tutor opravlja tutorsko delo in je na voljo tutorantom.  
Tutorske ure se štejejo v delovno obvezo tutorja.  
Tutorske ure so postavljene na urnik. 
&lt;/p&gt;
&lt;p&gt; 
16. člen 
&lt;/p&gt;
&lt;p&gt; 
Tutorstvo za skupino 30 študentov šteje za eno tutorsko uro tedensko skozi študijsko leto, to 
je 30 tutorskih ur. Nepolna skupina se priznava za polno, če je v njej najmanj dve tretjini 
študentov polne skupine (na primer 50 študentov se šteje za dve skupini). Tutorju, ki ima 
manj kot 20 študentov se prizna 30 tutorskih ur.  
 
Osnova za ugotavljanje števila tutorantov, ki pripadajo tutorju je seznam študentov, ki so bili 
prvič vpisani v 1. letnik študijske smeri v letu, ko je tutor prevzel tutorstvo nad študenti prvega 
letnika te, smeri zmanjšano za število študentov, ki so od tedaj izgubili status rednega 
študenta. 
&lt;/p&gt;
&lt;p&gt; 
17. člen 
&lt;/p&gt;
&lt;p&gt; 
Tutor skliče letno tri redne skupinske sestanke in sicer:  
 
&lt;/p&gt;
&lt;p&gt;1. uvodni sestanek: na prvi študijski dan za prve letnike oziroma prvi teden      
           študijskega leta za ostale letnike, na katerem študente   
                                   seznani z osnovnimi informacijami o študiju (npr.  
                                   v prvem letniku: urnik, oznake predavalnic, elektronska in  &lt;/p&gt;
&lt;p/&gt;
&lt;/div&gt;
&lt;div class="page"&gt;&lt;p/&gt;
&lt;p&gt;POSLOVNIK TUTORSKEGA SISTEMA FAKULTETE ZA GRADBENIŠTVO 
 
 
&lt;/p&gt;
&lt;p&gt;                                        navadna oglasna deska, domača stran fakultete na internetu,   
režim opravljanja študijskih obveznosti itd.; v višjih letnikih: 
informacije o izbirnih predmetih, izmenjavi študentov, študiju v 
tujini, strokovni praksi, projektih Socrates / Erasmus, Neptune 
itd.); 
&lt;/p&gt;
&lt;p&gt;             2. v vsakem semestru še en sestanek. 
 
&lt;/p&gt;
&lt;p&gt;18. člen 
 
Izredni skupinski sestanki se skličejo po potrebi na predlog tutorja ali tretjine tutorantov. 
 
&lt;/p&gt;
&lt;p&gt;19. člen 
 
Individualni sestanki se izvajajo na zahtevo študenta ali tutorja. 
 
&lt;/p&gt;
&lt;p&gt;20. člen 
 
Tutor študent opravlja naloge iz 11. člena na naslednji način: 
 
&lt;/p&gt;
&lt;p&gt;1. sodeluje na skupinskih sestankih, ki jih skliče tutor; 
2. izvaja tutorske ure po urniku; 
3. pomaga pri moderiranju tutorskega foruma; 
4. komunicira s študenti preko elektronske pošte. 
&lt;/p&gt;
&lt;p&gt; 
V. IZOBRAŽEVANJE TUTORJEV 
 
&lt;/p&gt;
&lt;p&gt;21. člen 
 
Tutor se usposablja za svoje delo na seminarjih, ki se organizirajo v ta namen. Tutor se je 
dolžan udeležiti večine organiziranih seminarjev letno.  
 
Seminarji so:          
           
 1.  interni seminarji o organiziranosti in delovanju fakultete in o študijskih programih;
 2.  pedagoško-andragoški seminarji;      
 3.  drugi za tutorsko delo koristni seminarji. 
 
VI. ORGANIZIRANJE TUTORJEV 
 
&lt;/p&gt;
&lt;p&gt;22. člen 
 
Delo tutorja je prostovoljno. 
 
&lt;/p&gt;
&lt;p&gt;23. člen 
 
Tutorje imenuje prodekan za izobraževalno dejavnost na podlagi prijavljenih kandidatov.  
 
Tutorje razrešuje prodekan za izobraževalno dejavnost na predlog kolegija tutorjev. 
 
&lt;/p&gt;
&lt;p&gt;24. člen 
 
Tutorje študente imenuje prodekan za izobraževalno dejavnost na podlagi prijavljenih 
kandidatov.  
 
Tutorje študente razrešuje prodekan za izobraževalno dejavnost na predlog kolegija tutorjev. 
 
&lt;/p&gt;
&lt;p&gt;25. člen 
 
Tutor praviloma opravi celotni tutorski ciklus za eno generacijo študentov (4 leta na UNI 
programih oz. 3 leta na VS).  &lt;/p&gt;
&lt;p/&gt;
&lt;/div&gt;
&lt;div class="page"&gt;&lt;p/&gt;
&lt;p&gt;POSLOVNIK TUTORSKEGA SISTEMA FAKULTETE ZA GRADBENIŠTVO 
 
 
 
Tutor je lahko razrešen predčasno, če: 
&lt;/p&gt;
&lt;p&gt;1. ne opravlja svojega dela zadovoljivo; 
2. preneha njegovo delovno razmerje; 
3. se prezaposli na nepedagoško delovno mesto; 
4. izrazi željo in navede utemeljen razlog, ki ga posreduje kolegiju tutorjev. 
&lt;/p&gt;
&lt;p&gt;  
Status tutorja se lahko zamrzne za določen čas na zahtevo tutorja ob navedbi utemeljenega 
razloga (npr. dopust za nego in varstvo otroka, študij ali specializacija v tujini ipd.) o katerem 
presoja kolegij tutorjev.   
 
&lt;/p&gt;
&lt;p&gt;26. člen 
 
Mandat tutorja študenta traja eno leto.  
 
VI. / a ZBOR TUTORJEV 
 
&lt;/p&gt;
&lt;p&gt;27. člen 
 
Vsi tutorji, tutorji študenti, trije predstavniki študentov in prodekan študent, (za vsak letnik po 
en predstavnik) tvorijo zbor tutorjev. 
 
&lt;/p&gt;
&lt;p&gt;28. člen 
 
Zbor tutorjev je podrejen komisiji za študijske zadeve. 
 
&lt;/p&gt;
&lt;p&gt;29. člen 
 
Zbor tutorjev izmed tutorjev izvoli predsednika. 
 
Mandat predsednika zbora tutojev traja štiri leta. 
 
&lt;/p&gt;
&lt;p&gt;30. člen 
 
Zbor tutorjev skliče predsednik zbora tutorjev vsaj enkrat letno, oziroma po potrebi ali na 
zahtevo najmanj tretjine članov zbora tutorjev. 
 
&lt;/p&gt;
&lt;p&gt;31. člen 
 
Zbor tutorjev  na svojih sestankih razpravlja in sklepa o problematiki tutorskega dela. 
 
&lt;/p&gt;
&lt;p&gt;32. člen 
 
Zbor tutorjev na svojem rednem letnem sestanku sprejme letno poročilo o delu in ga preda 
prodekanu za izobraževalno dejavnost. 
 
Poročilo mora biti sestavljeno tako, da je iz njega razvidno, kako posamezni tutorji opravljajo 
svoje delo. 
 
VI. / b KOLEGIJ TUTORJEV 
 
&lt;/p&gt;
&lt;p&gt;33. člen 
 
Kolegij tutorjev je operativno telo tutorskega sistema 
 
&lt;/p&gt;
&lt;p&gt;34. člen 
 
Kolegij tutorjev šteje pet članov in ga sestavljajo: 
&lt;/p&gt;
&lt;p&gt;1. predsednik zbora tutorjev, ki je hkrati tudi predsednik kolegija tutorjev; &lt;/p&gt;
&lt;p/&gt;
&lt;/div&gt;
&lt;div class="page"&gt;&lt;p/&gt;
&lt;p&gt;POSLOVNIK TUTORSKEGA SISTEMA FAKULTETE ZA GRADBENIŠTVO 
 
 
&lt;/p&gt;
&lt;p&gt;2. trije tutorji, ki jih izvoli zbor tutorjev, tako da so zastopani predstavniki vseh 
letnikov; 
&lt;/p&gt;
&lt;p&gt;3. predstavnik študentov, ki ga izvoli zbor tutorjev izmed študentov, ki so člani 
zbora tutorjev (tutorjev študentov ali predstavnikov študentov v zboru tutorjev). 
&lt;/p&gt;
&lt;p&gt; 
35. člen 
&lt;/p&gt;
&lt;p&gt; 
Člani kolegija se volijo za obdobje štirih let.  
Člani kolegija študenti se volijo za obdobje enega leta. 
 
Če tutor, ki je član kolegija preneha s tutorskim delom pred potekom štiriletnega mandata, se 
na nadomestnih volitvah izvoli nadomestnga člana kolegija za obdobje do poteka mandata 
tutorja, katerega nadomešča. 
 
&lt;/p&gt;
&lt;p&gt;36. člen 
 
Kolegij tutorjev opravlja operativne zadeve kot so: organizacija izobraževanja tutorjev, 
priprava vsebin za redne skupinske sestanke, priprava letnega poročila ipd. 
 
&lt;/p&gt;
&lt;p&gt;37. člen 
 
Predsednik kolegija tutorjev je po funkciji član komisije za študijske zadeve. 
 
VII. PREHODNE IN KONČNE DOLOČBE 
 
&lt;/p&gt;
&lt;p&gt;38. člen 
 
&lt;/p&gt;
&lt;p&gt;Tutorsko delo in njegovo plačevanje preideta v redno pedagoško obveznost vzporedno s 
spremembami financiranja študijskih programov. 
 
Tutorsko delo se interpretira kot opravljanje pedagoške obveznosti v smislu Zakona o 
visokem šolstvu tako, da se ena tutorska ura šteje za eno uro vaj in se tako tudi plača. 
 
Tutor študent je upravičen do plačila honorarja za tutorske ure. 
 
Tutorsko delo se opredeli v: 
&lt;/p&gt;
&lt;p&gt;1. Aktu o določitvi neposredne pedagoške obveznosti in dodatne pedagoške 
obveznosti visokošolskih sodelavcev; 
&lt;/p&gt;
&lt;p&gt;2. Pravilniku o napredovanju na delovnem mestu Univerze v Mariboru; 
3. Merilih za volitve v nazive visokošolskih učiteljev, znanstvenih delavcev in 
&lt;/p&gt;
&lt;p&gt;visokošolskih sodelavcev. 
 
Tutorske ure štejejo v  pedagoško obvezo tutorja. 
 
&lt;/p&gt;
&lt;p&gt;39. člen 
 
Poslovnik stopa v veljavo postopoma. Poslovnik prične veljati v celoti šele, ko: 
&lt;/p&gt;
&lt;p&gt;1. so izpolnjeni pogoji za plačevanje tutorskega dela kot redne pedagoške 
obveznosti v smislu 38. člena tega poslovnika; 
&lt;/p&gt;
&lt;p&gt;2. je tutorsko delo kot del pedagoške obveznosti vključeno v pogoje za 
napredovanje na delovnem mestu v smislu 2. alineje 38. člena tega pravilnika; 
&lt;/p&gt;
&lt;p&gt;3. se prilagodijo  Merila za volitve v nazive visokošolskih učiteljev, znanstvenih 
delavcev in visokošolskih sodelavcev tako, da se vanj vključi vrednotenje; 
tutorskega dela za izvolitev v naziv v smislu 3. alineje 38. člena tega pravilnika, 
&lt;/p&gt;
&lt;p&gt;4. se v komisijo za študijsko dejavnost vključi predstavnika tutorjev.  
 
&lt;/p&gt;
&lt;p&gt;40. člen 
 
Dokler  ne stopi v veljavo 1. alineja 39. člena tega poslovnika, se smiselno uporablja Zakon o 
visokem šolstvu in Akt o določitvi neposredne pedagoške obveznosti in dodatne pedagoške &lt;/p&gt;
&lt;p/&gt;
&lt;/div&gt;
&lt;div class="page"&gt;&lt;p/&gt;
&lt;p&gt;POSLOVNIK TUTORSKEGA SISTEMA FAKULTETE ZA GRADBENIŠTVO 
 
 
obveznosti visokošolskih sodelavcev tako, da se tolmači tutorsko delo kot izvajanje vaj in se 
tutorska ura plačuje kot ura vaj. 
 
Dokler  ne stopi v veljavo  2. alineja 39. člena tega poslovnika, se smiselno uporabljajo Merila 
za volitve v nazive visokošolskih učiteljev, znanstvenih delavcev in visokošolskih sodelavcev 
tako, da se tolmači tutorsko delo kot mentorstvo pri študentskih raziskovalnih nalogah in sicer 
tutorstvo za eno skupino tutorantov kot mentorstvo za eno študentsko raziskovalno nalogo. 
 
&lt;/p&gt;
&lt;p&gt;41. člen 
 
V prehodnem obdobju, dokler način financiranja pedagoškega dela ne omogoča vključitve 
tutorskih ur v redno pedagoško obvezo, se poiščejo možnosti za financiranje tutorskega dela 
v okviru FG. 
 
V prehodnem obdobju je zaradi racionalne porabe sredstev možno odstopanje od normativa v 
prvem odstavku 16. člena tega poslovnika. 
 
&lt;/p&gt;
&lt;p&gt;42. člen 
 
V prehodnem obdobju so tutorji delavci, ki trenutno opravljajo to delo. 
 
&lt;/p&gt;
&lt;p&gt;43. člen 
 
S pričetkom veljavnosti tega poslovnika se določi število tutorskih ur posameznega tutorja na 
podlagi obstoječega seznama tutorantov, ki spadajo k temu tutorju.  
 
Seznam iz prvega odstavka tega člena je začetni seznam tutorantov, s katerim se nato ravna 
v smislu drugega odstavka 16. člena tega poslovnika. 
 
&lt;/p&gt;
&lt;p&gt;44. člen 
 
Poslovnik tutorskega sistema FG stopi v veljavo z dnem, ko ga potrdi senat FG. 
 
 
 
&lt;/p&gt;
&lt;p&gt; 
&lt;/p&gt;
&lt;p&gt; 
&lt;/p&gt;
&lt;p&gt; 
&lt;/p&gt;
&lt;p&gt; 
&lt;/p&gt;
&lt;p&gt; 
&lt;/p&gt;
&lt;p&gt; 
&lt;/p&gt;
&lt;p&gt; 
&lt;/p&gt;
&lt;p&gt;                                            
 
&lt;/p&gt;
&lt;p&gt;   PRIPRAVILA   Delovna skupina za sestavo  
                     Poslovnika tutorskega sistema: 
&lt;/p&gt;
&lt;p&gt;- mag. Svitan Gaborovič udim., predsednik 
- mag. Lucija Hanžič udig., članica 
- Milan Kuhta udig., član 
- študentka Tea Stefanovič, članica 
- študent Marko Soršak, član 
- prodekan študent Igor Stajnko, član &lt;/p&gt;
&lt;p/&gt;
&lt;/div&gt;
&lt;ul&gt;	&lt;li&gt;POSLOVNIK TUTORSKEGA SISTEMA FAKULTETE ZA GRADBEN&lt;/li&gt;
&lt;ul&gt;	&lt;li/&gt;
&lt;ul&gt;	&lt;li&gt;II. SUBJEKTI TUTORSKEGA SISTEMA&lt;/li&gt;
	&lt;li&gt;II. / 1. Tutorant&lt;/li&gt;
	&lt;li&gt;II. / 2. Tutor&lt;/li&gt;
	&lt;li&gt;III. NALOGE SUBJEKTOV TUTORSKEGA SISTEMA&lt;/li&gt;
	&lt;li&gt;III. / 1. TUTORANT&lt;/li&gt;
	&lt;li&gt;III. / 2. TUTOR&lt;/li&gt;
	&lt;li&gt;III. / 3. TUTOR ŠTUDENT&lt;/li&gt;
	&lt;li&gt;III. / 4. VODSTVO FAKULTETE&lt;/li&gt;
	&lt;li&gt;IV. IZVAJANJE NALOG TUTORSKEGA SISTEMA&lt;/li&gt;
&lt;/ul&gt;
&lt;/ul&gt;
&lt;/ul&gt;
&lt;/body&gt;&lt;/html&gt;</XmlText>
</dokument>